<beans xmlns="http://www.springframework.org/schema/beans"
       xmlns:xsi="http://www.w3.org/2001/XMLSchema-instance"
       xmlns:context="http://www.springframework.org/schema/context"
       xsi:schemaLocation="http://www.springframework.org/schema/beans 
           http://www.springframework.org/schema/beans/spring-beans-3.0.xsd
           http://www.springframework.org/schema/context
           http://www.springframework.org/schema/context/spring-context-3.0.xsd">
           
           
  <bean id="students" class="com.niit.AutoWiring.Students" autowire="byName">  
  </bean>
         
           
           
<bean id="s1" class="com.niit.AutoWiring.Student">
<property name="name" value="samatha"></property>
<property name="marks" value="57"></property>
</bean>

<bean id="s2" class="com.niit.AutoWiring.Student">
<property name="name" value="varshitha"></property>
<property name="marks" value="77"></property>
</bean>

<bean id="s3" class="com.niit.AutoWiring.Student">
<property name="name" value="karthik"></property>
<property name="marks" value="34"></property>
</bean>

<bean id="s4" class="com.niit.AutoWiring.Student">
<property name="name" value="ramesh"></property>
<property name="marks" value="17"></property>
</bean>

</beans>